{
  "_fv": 79,
  "_type": "procedure",
  "definition": {
    "procedurexml": "<xml xmlns=\"https://developers.google.com/blockly/xml\"><block type=\"event_trigger\" inline=\"false\" deletable=\"false\" x=\"40\" y=\"40\"><field name=\"trigger\">player_respawn</field><next><block type=\"controls_if\"><mutation else=\"1\"></mutation><value name=\"IF0\"><block type=\"math_binary_ops\" inline=\"false\"><field name=\"OP\">GTE</field><value name=\"A\"><block type=\"variables_get_number\" inline=\"false\"><mutation xmlns=\"http://www.w3.org/1999/xhtml\" is_player_var=\"true\" has_entity=\"true\"></mutation><field name=\"VAR\">global:PitagnaGemPower</field><value name=\"entity\"><block type=\"entity_from_deps\"></block></value></block></value><value name=\"B\"><block type=\"math_number\"><field name=\"NUM\">15</field></block></value></block></value><statement name=\"DO0\"><block type=\"entity_send_chat\" inline=\"false\"><value name=\"text\"><block type=\"text_join\"><mutation items=\"2\"></mutation><value name=\"ADD0\"><block type=\"text\"><field name=\"TEXT\">you only have </field></block></value><value name=\"ADD1\"><block type=\"text_join\"><mutation items=\"2\"></mutation><value name=\"ADD0\"><block type=\"variables_get_number\" inline=\"false\"><mutation xmlns=\"http://www.w3.org/1999/xhtml\" is_player_var=\"true\" has_entity=\"true\"></mutation><field name=\"VAR\">global:PitagnaGemPower</field><value name=\"entity\"><block type=\"entity_from_deps\"></block></value></block></value><value name=\"ADD1\"><block type=\"text\"><field name=\"TEXT\"> Pitagna Gem power</field></block></value></block></value></block></value><value name=\"entity\"><block type=\"entity_from_deps\"></block></value><value name=\"actbar\"><block type=\"logic_boolean\"><field name=\"BOOL\">TRUE</field></block></value></block></statement><statement name=\"ELSE\"><block type=\"entity_allow_flying\" inline=\"false\"><value name=\"entity\"><block type=\"entity_from_deps\"></block></value><value name=\"condition\"><block type=\"logic_boolean\"><field name=\"BOOL\">FALSE</field></block></value><next><block type=\"text_print\"><value name=\"TEXT\"><block type=\"text\"><field name=\"TEXT\">pitagna fly enabled</field></block></value></block></next></block></statement></block></next></block></xml>",
    "skipDependencyNullCheck": false
  }
}