{
  "_fv": 79,
  "_type": "recipe",
  "definition": {
    "recipeType": "Crafting",
    "recipeRetstackSize": 1,
    "group": "pitagna_gem",
    "unlockingItems": [
      {
        "value": "CUSTOM:PitagnaGem"
      }
    ],
    "cookingBookCategory": "MISC",
    "xpReward": 0.0,
    "cookingTime": 200,
    "craftingBookCategory": "MISC",
    "recipeShapeless": false,
    "recipeSlots": [
      {
        "value": "Items.QUARTZ"
      },
      {
        "value": "Items.IRON_INGOT"
      },
      {
        "value": "Items.QUARTZ"
      },
      {
        "value": "Items.IRON_INGOT"
      },
      {
        "value": "Items.EMERALD"
      },
      {
        "value": "Items.IRON_INGOT"
      },
      {
        "value": "Items.QUARTZ"
      },
      {
        "value": "Items.IRON_INGOT"
      },
      {
        "value": "Items.QUARTZ"
      }
    ],
    "recipeReturnStack": {
      "value": "CUSTOM:PitagnaGem"
    },
    "name": "pitagna_gem_craft",
    "namespace": "mod"
  }
}