{
  "schemaVersion": 1,
  "id": "pitagna_mod_reborn",
  "version": "0.0.1",
  "name": "pitagna mod reborn",
  "authors": [
    "MCreator"
  ],
  "contact": {
    "homepage": "https://modrinth.com/project/pitagna-mod-reborn",
    "sources": ""
  },
  "license": "MIT License",
  "environment": "*",
  "entrypoints": {
    "main": [
      "net.ahomine_.pitagnamodreborn.PitagnaModRebornMod"
    ],
    "client": [
      "net.ahomine_.pitagnamodreborn.PitagnaModRebornModClient"
    ]
  },
  "mixins": [
    "pitagna_mod_reborn.mixins.json"
  ],
  "depends": {
    "fabricloader": ">=0.17.2",
    "minecraft": "~1.21.8",
    "java": ">=21",
    "fabric-api": "*"
  },
  "suggests": {
    "pitagna_mod_reborn": "*"
  }
}